"feature"	"method"	"group1"	"group2"	"p_values"	"adj_method"	"p_adjust"	"description"
"1CMET2-PWY"	"DESeq2"	"T2D"	"HC"	"0.0509420690258138"	"BH"	0.180872299420834	"N10-formyl-tetrahydrofolate biosynthesis"
"3-HYDROXYPHENYLACETATE-DEGRADATION-PWY"	"DESeq2"	"T2D"	"HC"	"0.00224995319661525"	"BH"	0.0256333953471523	"4-hydroxyphenylacetate degradation"
"ALL-CHORISMATE-PWY"	"DESeq2"	"T2D"	"HC"	"0.0097292118395031"	"BH"	0.0585588410717262	"superpathway of chorismate metabolism"
"ANAEROFRUCAT-PWY"	"DESeq2"	"T2D"	"HC"	"0.785700263337085"	"BH"	0.916622452266006	"homolactic fermentation"
"ANAGLYCOLYSIS-PWY"	"DESeq2"	"T2D"	"HC"	"0.00438983075038538"	"BH"	0.0314629766072707	"glycolysis III (from glucose)"
"ARG+POLYAMINE-SYN"	"DESeq2"	"T2D"	"HC"	"0.27226982122868"	"BH"	0.553210655872286	"superpathway of arginine and polyamine biosynthesis"
"ARGDEG-PWY"	"DESeq2"	"T2D"	"HC"	"0.00129570277648652"	"BH"	0.0231994024573528	"superpathway of L-arginine, putrescine, and 4-aminobutanoate degradation"
"ARGORNPROST-PWY"	"DESeq2"	"T2D"	"HC"	"0.24114989100742"	"BH"	0.511706145769399	"arginine, ornithine and proline interconversion"
"ARGSYN-PWY"	"DESeq2"	"T2D"	"HC"	"0.0865546984363782"	"BH"	0.273375730704996	"L-arginine biosynthesis I (via L-ornithine)"
"ARGSYNBSUB-PWY"	"DESeq2"	"T2D"	"HC"	"0.125523408377643"	"BH"	0.348191019760592	"L-arginine biosynthesis II (acetyl cycle)"
"ARO-PWY"	"DESeq2"	"T2D"	"HC"	"0.0105733770932489"	"BH"	0.0624612461619704	"chorismate biosynthesis I"
"ASPASN-PWY"	"DESeq2"	"T2D"	"HC"	"0.623254370621031"	"BH"	0.808203838325646	"superpathway of L-aspartate and L-asparagine biosynthesis"
"AST-PWY"	"DESeq2"	"T2D"	"HC"	"0.00308451714334615"	"BH"	0.028940028491983	"L-arginine degradation II (AST pathway)"
"BIOTIN-BIOSYNTHESIS-PWY"	"DESeq2"	"T2D"	"HC"	"0.804654195956586"	"BH"	0.920016804695882	"biotin biosynthesis I"
"BRANCHED-CHAIN-AA-SYN-PWY"	"DESeq2"	"T2D"	"HC"	"0.011855143630866"	"BH"	0.0663472073376536	"superpathway of branched amino acid biosynthesis"
"CALVIN-PWY"	"DESeq2"	"T2D"	"HC"	"0.792014834246487"	"BH"	0.916622452266006	"Calvin-Benson-Bassham cycle"
"CATECHOL-ORTHO-CLEAVAGE-PWY"	"DESeq2"	"T2D"	"HC"	"0.0123902937356414"	"BH"	0.0681466155460277	"catechol degradation to &beta;-ketoadipate"
"CENTFERM-PWY"	"DESeq2"	"T2D"	"HC"	"0.0332616553109371"	"BH"	0.145348877317657	"pyruvate fermentation to butanoate"
"COA-PWY"	"DESeq2"	"T2D"	"HC"	"0.0559841613901168"	"BH"	0.192031693370401	"coenzyme A biosynthesis I"
"COBALSYN-PWY"	"DESeq2"	"T2D"	"HC"	"0.117187255225141"	"BH"	0.327918722954561	"adenosylcobalamin salvage from cobinamide I"
"CODH-PWY"	"DESeq2"	"T2D"	"HC"	"0.517674677162411"	"BH"	0.73070009741066	"reductive acetyl coenzyme A pathway"
"COLANSYN-PWY"	"DESeq2"	"T2D"	"HC"	"0.699403587121383"	"BH"	0.888883443393311	"colanic acid building blocks biosynthesis"
"COMPLETE-ARO-PWY"	"DESeq2"	"T2D"	"HC"	"0.00571153208428312"	"BH"	0.0371832394874758	"superpathway of aromatic amino acid biosynthesis"
"DAPLYSINESYN-PWY"	"DESeq2"	"T2D"	"HC"	"0.364411036157489"	"BH"	0.621642355798069	"L-lysine biosynthesis I"
"DENOVOPURINE2-PWY"	"DESeq2"	"T2D"	"HC"	"0.359192869497242"	"BH"	0.620991695394809	"superpathway of purine nucleotides de novo biosynthesis II"
"DTDPRHAMSYN-PWY"	"DESeq2"	"T2D"	"HC"	"0.0434359907512918"	"BH"	0.166940735538097	"dTDP-L-rhamnose biosynthesis I"
"ECASYN-PWY"	"DESeq2"	"T2D"	"HC"	"0.00224110237819002"	"BH"	0.0256333953471523	"enterobacterial common antigen biosynthesis"
"ENTBACSYN-PWY"	"DESeq2"	"T2D"	"HC"	"0.00329209746082167"	"BH"	0.0300051168572032	"enterobactin biosynthesis"
"FAO-PWY"	"DESeq2"	"T2D"	"HC"	"0.000141121437980782"	"BH"	0.0225088693579347	"fatty acid &beta;-oxidation I"
"FASYN-ELONG-PWY"	"DESeq2"	"T2D"	"HC"	"0.490551830201352"	"BH"	0.714548099699686	"fatty acid elongation -- saturated"
"FASYN-INITIAL-PWY"	"DESeq2"	"T2D"	"HC"	"0.384107909106918"	"BH"	0.632034938493143	"superpathway of fatty acid biosynthesis initiation (E. coli)"
"FERMENTATION-PWY"	"DESeq2"	"T2D"	"HC"	"0.453613397986102"	"BH"	0.689823690483932	"mixed acid fermentation"
"FOLSYN-PWY"	"DESeq2"	"T2D"	"HC"	"0.15652644770117"	"BH"	0.405950705826612	"superpathway of tetrahydrofolate biosynthesis and salvage"
"FUC-RHAMCAT-PWY"	"DESeq2"	"T2D"	"HC"	"0.883380375477953"	"BH"	0.960818475534248	"superpathway of fucose and rhamnose degradation"
"FUCCAT-PWY"	"DESeq2"	"T2D"	"HC"	"0.844881236093044"	"BH"	0.949003923639722	"fucose degradation"
"GALACT-GLUCUROCAT-PWY"	"DESeq2"	"T2D"	"HC"	"0.785631284291347"	"BH"	0.916622452266006	"superpathway of hexuronide and hexuronate degradation"
"GALACTARDEG-PWY"	"DESeq2"	"T2D"	"HC"	"0.0492594912224916"	"BH"	0.178565655681532	"D-galactarate degradation I"
"GALACTUROCAT-PWY"	"DESeq2"	"T2D"	"HC"	"0.777135858793032"	"BH"	0.916622452266006	"D-galacturonate degradation I"
"GLCMANNANAUT-PWY"	"DESeq2"	"T2D"	"HC"	"0.913763970198887"	"BH"	0.972013701253134	"superpathway of N-acetylglucosamine, N-acetylmannosamine and N-acetylneuraminate degradation"
"GLUCARDEG-PWY"	"DESeq2"	"T2D"	"HC"	"0.0150147410996033"	"BH"	0.0725712486480826	"D-glucarate degradation I"
"GLUCARGALACTSUPER-PWY"	"DESeq2"	"T2D"	"HC"	"0.0492594912224916"	"BH"	0.178565655681532	"superpathway of D-glucarate and D-galactarate degradation"
"GLUCONEO-PWY"	"DESeq2"	"T2D"	"HC"	"0.0918836274164968"	"BH"	0.287361540645711	"gluconeogenesis I"
"GLUCOSE1PMETAB-PWY"	"DESeq2"	"T2D"	"HC"	"0.765692571621442"	"BH"	0.916622452266006	"glucose and glucose-1-phosphate degradation"
"GLUCUROCAT-PWY"	"DESeq2"	"T2D"	"HC"	"0.784103592967252"	"BH"	0.916622452266006	"superpathway of &beta;-D-glucuronide and D-glucuronate degradation"
"GLUTORN-PWY"	"DESeq2"	"T2D"	"HC"	"0.103820911529832"	"BH"	0.309522156803892	"L-ornithine biosynthesis"
"GLYCOCAT-PWY"	"DESeq2"	"T2D"	"HC"	"0.112914877404698"	"BH"	0.324503116145033	"glycogen degradation I (bacterial)"
"GLYCOGENSYNTH-PWY"	"DESeq2"	"T2D"	"HC"	"0.129915279620216"	"BH"	0.351211645752957	"glycogen biosynthesis I (from ADP-D-Glucose)"
"GLYCOL-GLYOXDEG-PWY"	"DESeq2"	"T2D"	"HC"	"0.0147860362044914"	"BH"	0.0725712486480826	"superpathway of glycol metabolism and degradation"
"GLYCOLYSIS"	"DESeq2"	"T2D"	"HC"	"0.966975489866012"	"BH"	0.998410177658719	"glycolysis I (from glucose 6-phosphate)"
"GLYCOLYSIS-E-D"	"DESeq2"	"T2D"	"HC"	"0.277851166723857"	"BH"	0.555743930527132	"superpathway of glycolysis and Entner-Doudoroff"
"GLYCOLYSIS-TCA-GLYOX-BYPASS"	"DESeq2"	"T2D"	"HC"	"0.00123400009595925"	"BH"	0.0231994024573528	"superpathway of glycolysis, pyruvate dehydrogenase, TCA, and glyoxylate bypass"
"GLYOXYLATE-BYPASS"	"DESeq2"	"T2D"	"HC"	"0.0534209737991074"	"BH"	0.187266930130937	"glyoxylate cycle"
"GOLPDLCAT-PWY"	"DESeq2"	"T2D"	"HC"	"0.0947361272032164"	"BH"	0.291124022781107	"superpathway of glycerol degradation to 1,3-propanediol"
"HEME-BIOSYNTHESIS-II"	"DESeq2"	"T2D"	"HC"	"0.168343535495757"	"BH"	0.42620307796148	"heme biosynthesis I (aerobic)"
"HEMESYN2-PWY"	"DESeq2"	"T2D"	"HC"	"0.328828113747357"	"BH"	0.609861443519807	"heme biosynthesis II (anaerobic)"
"HEXITOLDEGSUPER-PWY"	"DESeq2"	"T2D"	"HC"	"0.208971737693697"	"BH"	0.479582621038053	"superpathway of hexitol degradation (bacteria)"
"HISDEG-PWY"	"DESeq2"	"T2D"	"HC"	"0.720465507164671"	"BH"	0.907853739307535	"L-histidine degradation I"
"HISTSYN-PWY"	"DESeq2"	"T2D"	"HC"	"0.000720752141090771"	"BH"	0.0231994024573528	"L-histidine biosynthesis"
"HOMOSER-METSYN-PWY"	"DESeq2"	"T2D"	"HC"	"0.243815643078212"	"BH"	0.511706145769399	"L-methionine biosynthesis I"
"HSERMETANA-PWY"	"DESeq2"	"T2D"	"HC"	"0.803208863239493"	"BH"	0.920016804695882	"L-methionine biosynthesis III"
"ILEUSYN-PWY"	"DESeq2"	"T2D"	"HC"	"0.0370708157373328"	"BH"	0.151610131028323	"L-isoleucine biosynthesis I (from threonine)"
"KDO-NAGLIPASYN-PWY"	"DESeq2"	"T2D"	"HC"	"0.208859272455754"	"BH"	0.479582621038053	"superpathway of (Kdo)2-lipid A biosynthesis"
"KETOGLUCONMET-PWY"	"DESeq2"	"T2D"	"HC"	"0.389516303884177"	"BH"	0.637208722764372	"ketogluconate metabolism"
"LACTOSECAT-PWY"	"DESeq2"	"T2D"	"HC"	"0.326237212880113"	"BH"	0.608594566717872	"lactose and galactose degradation I"
"LEU-DEG2-PWY"	"DESeq2"	"T2D"	"HC"	NA	"BH"	NA	"L-leucine degradation I"
"MET-SAM-PWY"	"DESeq2"	"T2D"	"HC"	"0.235286593811222"	"BH"	0.507137996120134	"superpathway of S-adenosyl-L-methionine biosynthesis"
"METH-ACETATE-PWY"	"DESeq2"	"T2D"	"HC"	"0.477126359687606"	"BH"	0.703697699209884	"methanogenesis from acetate"
"METHANOGENESIS-PWY"	"DESeq2"	"T2D"	"HC"	"0.998238914784588"	"BH"	0.998410177658719	"methanogenesis from H2 and CO2"
"METHGLYUT-PWY"	"DESeq2"	"T2D"	"HC"	"0.00453698095277257"	"BH"	0.0314629766072707	"superpathway of methylglyoxal degradation"
"NAD-BIOSYNTHESIS-II"	"DESeq2"	"T2D"	"HC"	"0.349817274885046"	"BH"	0.620991695394809	"NAD salvage pathway II"
"NAGLIPASYN-PWY"	"DESeq2"	"T2D"	"HC"	"0.786579055555488"	"BH"	0.916622452266006	"lipid IVA biosynthesis"
"NONMEVIPP-PWY"	"DESeq2"	"T2D"	"HC"	"0.00352388599934517"	"BH"	0.030381611724084	"methylerythritol phosphate pathway I"
"NONOXIPENT-PWY"	"DESeq2"	"T2D"	"HC"	"0.635560973872812"	"BH"	0.820825711196061	"pentose phosphate pathway (non-oxidative branch)"
"OANTIGEN-PWY"	"DESeq2"	"T2D"	"HC"	"0.541702840182511"	"BH"	0.744841405250953	"O-antigen building blocks biosynthesis (E. coli)"
"ORNARGDEG-PWY"	"DESeq2"	"T2D"	"HC"	"0.00129570277648652"	"BH"	0.0231994024573528	"superpathway of L-arginine and L-ornithine degradation"
"ORNDEG-PWY"	"DESeq2"	"T2D"	"HC"	"0.00411013814188139"	"BH"	0.0314629766072707	"superpathway of ornithine degradation"
"P105-PWY"	"DESeq2"	"T2D"	"HC"	"0.000227441739416917"	"BH"	0.0231994024573528	"TCA cycle IV (2-oxoglutarate decarboxylase)"
"P108-PWY"	"DESeq2"	"T2D"	"HC"	"0.0843953617751028"	"BH"	0.269221204062578	"pyruvate fermentation to propanoate I"
"P122-PWY"	"DESeq2"	"T2D"	"HC"	"0.00815497736111439"	"BH"	0.0500276495806825	"heterolactic fermentation"
"P124-PWY"	"DESeq2"	"T2D"	"HC"	"0.000941666509657865"	"BH"	0.0231994024573528	"Bifidobacterium shunt"
"P125-PWY"	"DESeq2"	"T2D"	"HC"	"0.00201461945047553"	"BH"	0.0256333953471523	"superpathway of (R,R)-butanediol biosynthesis"
"P161-PWY"	"DESeq2"	"T2D"	"HC"	"0.756429098466691"	"BH"	0.916622452266006	"acetylene degradation"
"P162-PWY"	"DESeq2"	"T2D"	"HC"	"0.465280240993761"	"BH"	0.69357194802341	"L-glutamate degradation V (via hydroxyglutarate)"
"P163-PWY"	"DESeq2"	"T2D"	"HC"	"0.786597055147231"	"BH"	0.916622452266006	"L-lysine fermentation to acetate and butanoate"
"P164-PWY"	"DESeq2"	"T2D"	"HC"	"0.148544854447203"	"BH"	0.391618252633535	"purine nucleobases degradation I (anaerobic)"
"P221-PWY"	"DESeq2"	"T2D"	"HC"	"0.591397104082233"	"BH"	0.781343764681658	"octane oxidation"
"P23-PWY"	"DESeq2"	"T2D"	"HC"	"0.0188110887853011"	"BH"	0.0882461370957507	"reductive TCA cycle I"
"P241-PWY"	"DESeq2"	"T2D"	"HC"	"0.994134965941043"	"BH"	0.998410177658719	"coenzyme B biosynthesis"
"P261-PWY"	"DESeq2"	"T2D"	"HC"	"0.914119468263136"	"BH"	0.972013701253134	"coenzyme M biosynthesis I"
"P281-PWY"	"DESeq2"	"T2D"	"HC"	NA	"BH"	NA	"3-phenylpropanoate degradation"
"P341-PWY"	"DESeq2"	"T2D"	"HC"	"0.0550672687862941"	"BH"	0.190939768943781	"glycolysis V (Pyrococcus)"
"P4-PWY"	"DESeq2"	"T2D"	"HC"	"0.895490640518039"	"BH"	0.965072683531265	"superpathway of L-lysine, L-threonine and L-methionine biosynthesis I"
"P42-PWY"	"DESeq2"	"T2D"	"HC"	"0.35010511927624"	"BH"	0.620991695394809	"incomplete reductive TCA cycle"
"P441-PWY"	"DESeq2"	"T2D"	"HC"	"0.378110776100269"	"BH"	0.628215299874926	"superpathway of N-acetylneuraminate degradation"
"P461-PWY"	"DESeq2"	"T2D"	"HC"	"0.722867867661799"	"BH"	0.907853739307535	"hexitol fermentation to lactate, formate, ethanol and acetate"
"P562-PWY"	"DESeq2"	"T2D"	"HC"	"0.592743545620568"	"BH"	0.781343764681658	"myo-inositol degradation I"
"PANTO-PWY"	"DESeq2"	"T2D"	"HC"	"0.205123030016919"	"BH"	0.477622237776622	"phosphopantothenate biosynthesis I"
"PANTOSYN-PWY"	"DESeq2"	"T2D"	"HC"	"0.182122645734798"	"BH"	0.438874456788714	"pantothenate and coenzyme A biosynthesis I"
"PENTOSE-P-PWY"	"DESeq2"	"T2D"	"HC"	"0.601374197679003"	"BH"	0.786969895441223	"pentose phosphate pathway"
"PEPTIDOGLYCANSYN-PWY"	"DESeq2"	"T2D"	"HC"	"0.151479606408383"	"BH"	0.396081921674379	"peptidoglycan biosynthesis I (meso-diaminopimelate containing)"
"PHOSLIPSYN-PWY"	"DESeq2"	"T2D"	"HC"	"0.0155987829369536"	"BH"	0.0742688321923612	"superpathway of phospholipid biosynthesis I (bacteria)"
"POLYAMINSYN3-PWY"	"DESeq2"	"T2D"	"HC"	"0.0591672649484601"	"BH"	0.200791037431476	"superpathway of polyamine biosynthesis II"
"POLYAMSYN-PWY"	"DESeq2"	"T2D"	"HC"	"0.231478857384109"	"BH"	0.505694037823913	"superpathway of polyamine biosynthesis I"
"POLYISOPRENSYN-PWY"	"DESeq2"	"T2D"	"HC"	"0.434874990279511"	"BH"	0.673422921840602	"polyisoprenoid biosynthesis (E. coli)"
"PPGPPMET-PWY"	"DESeq2"	"T2D"	"HC"	"0.317010892296355"	"BH"	0.598381506760575	"ppGpp biosynthesis"
"PROTOCATECHUATE-ORTHO-CLEAVAGE-PWY"	"DESeq2"	"T2D"	"HC"	"0.00111604756965424"	"BH"	0.0231994024573528	"protocatechuate degradation II (ortho-cleavage pathway)"
"PRPP-PWY"	"DESeq2"	"T2D"	"HC"	"0.223744168036182"	"BH"	0.499121605619175	"superpathway of histidine, purine, and pyrimidine biosynthesis"
"PWY-1269"	"DESeq2"	"T2D"	"HC"	"0.857527879704723"	"BH"	0.95314074434079	"CMP-3-deoxy-D-manno-octulosonate biosynthesis I"
"PWY-1541"	"DESeq2"	"T2D"	"HC"	"0.0609983462001525"	"BH"	0.204826025661565	"superpathway of taurine degradation"
"PWY-181"	"DESeq2"	"T2D"	"HC"	"0.856683254655577"	"BH"	0.95314074434079	"photorespiration"
"PWY-1861"	"DESeq2"	"T2D"	"HC"	"0.334673908454258"	"BH"	0.615490419652726	"formaldehyde assimilation II (RuMP Cycle)"
"PWY-2941"	"DESeq2"	"T2D"	"HC"	"0.282493521662205"	"BH"	0.559723188883499	"L-lysine biosynthesis II"
"PWY-2942"	"DESeq2"	"T2D"	"HC"	"0.00629793036963733"	"BH"	0.0401807957582862	"L-lysine biosynthesis III"
"PWY-3001"	"DESeq2"	"T2D"	"HC"	"0.0117290655486145"	"BH"	0.0663472073376536	"superpathway of L-isoleucine biosynthesis I"
"PWY-3781"	"DESeq2"	"T2D"	"HC"	"0.750970252262249"	"BH"	0.916622452266006	"aerobic respiration I (cytochrome c)"
"PWY-4984"	"DESeq2"	"T2D"	"HC"	"0.698681407800087"	"BH"	0.888883443393311	"urea cycle"
"PWY-5005"	"DESeq2"	"T2D"	"HC"	"0.921953825441354"	"BH"	0.977087276796651	"biotin biosynthesis II"
"PWY-5022"	"DESeq2"	"T2D"	"HC"	"0.026469541864207"	"BH"	0.118926533164536	"4-aminobutanoate degradation V"
"PWY-5028"	"DESeq2"	"T2D"	"HC"	NA	"BH"	NA	"L-histidine degradation II"
"PWY-5097"	"DESeq2"	"T2D"	"HC"	"0.0129405321238014"	"BH"	0.0699666058897059	"L-lysine biosynthesis VI"
"PWY-5100"	"DESeq2"	"T2D"	"HC"	"0.159509701918652"	"BH"	0.410351571871371	"pyruvate fermentation to acetate and lactate II"
"PWY-5101"	"DESeq2"	"T2D"	"HC"	"0.0433115767061461"	"BH"	0.166940735538097	"L-isoleucine biosynthesis II"
"PWY-5103"	"DESeq2"	"T2D"	"HC"	"0.0224873739111054"	"BH"	0.102478175394895	"L-isoleucine biosynthesis III"
"PWY-5104"	"DESeq2"	"T2D"	"HC"	"0.036754991401397"	"BH"	0.151610131028323	"L-isoleucine biosynthesis IV"
"PWY-5121"	"DESeq2"	"T2D"	"HC"	"0.00180432772170659"	"BH"	0.0253257701073328	"superpathway of geranylgeranyl diphosphate biosynthesis II (via MEP)"
"PWY-5154"	"DESeq2"	"T2D"	"HC"	"0.570132778141604"	"BH"	0.760972201787329	"L-arginine biosynthesis III (via N-acetyl-L-citrulline)"
"PWY-5177"	"DESeq2"	"T2D"	"HC"	"0.0117054394860821"	"BH"	0.0663472073376536	"glutaryl-CoA degradation"
"PWY-5181"	"DESeq2"	"T2D"	"HC"	"0.0028416574645507"	"BH"	0.0286553342281209	"toluene degradation III (aerobic) (via p-cresol)"
"PWY-5188"	"DESeq2"	"T2D"	"HC"	"0.374570521100595"	"BH"	0.628049339658372	"tetrapyrrole biosynthesis I (from glutamate)"
"PWY-5189"	"DESeq2"	"T2D"	"HC"	"0.418223396723108"	"BH"	0.663747579873987	"tetrapyrrole biosynthesis II (from glycine)"
"PWY-5198"	"DESeq2"	"T2D"	"HC"	"0.998410177658719"	"BH"	0.998410177658719	"factor 420 biosynthesis"
"PWY-5265"	"DESeq2"	"T2D"	"HC"	"0.00374192932635617"	"BH"	0.0314125119765163	"peptidoglycan biosynthesis II (staphylococci)"
"PWY-5304"	"DESeq2"	"T2D"	"HC"	"0.541083075471325"	"BH"	0.744841405250953	"superpathway of sulfur oxidation (Acidianus ambivalens)"
"PWY-5345"	"DESeq2"	"T2D"	"HC"	"0.316531991762489"	"BH"	0.598381506760575	"superpathway of L-methionine biosynthesis (by sulfhydrylation)"
"PWY-5347"	"DESeq2"	"T2D"	"HC"	"0.310908464014011"	"BH"	0.598381506760575	"superpathway of L-methionine biosynthesis (transsulfuration)"
"PWY-5384"	"DESeq2"	"T2D"	"HC"	"0.558986396480432"	"BH"	0.756900066990977	"sucrose degradation IV (sucrose phosphorylase)"
"PWY-5417"	"DESeq2"	"T2D"	"HC"	"0.00435057648896329"	"BH"	0.0314629766072707	"catechol degradation III (ortho-cleavage pathway)"
"PWY-5431"	"DESeq2"	"T2D"	"HC"	"0.00435057648896329"	"BH"	0.0314629766072707	"aromatic compounds degradation via &beta;-ketoadipate"
"PWY-5484"	"DESeq2"	"T2D"	"HC"	"0.878775085097532"	"BH"	0.960818475534248	"glycolysis II (from fructose 6-phosphate)"
"PWY-5505"	"DESeq2"	"T2D"	"HC"	"0.218917235874981"	"BH"	0.495280838610773	"L-glutamate and L-glutamine biosynthesis"
"PWY-5507"	"DESeq2"	"T2D"	"HC"	"0.966953703821096"	"BH"	0.998410177658719	"adenosylcobalamin biosynthesis I (early cobalt insertion)"
"PWY-5509"	"DESeq2"	"T2D"	"HC"	"0.103126108828522"	"BH"	0.309522156803892	"adenosylcobalamin biosynthesis from cobyrinate a,c-diamide I"
"PWY-5532"	"DESeq2"	"T2D"	"HC"	"0.238939139874183"	"BH"	0.51155426590513	"adenosine nucleotides degradation IV"
"PWY-5659"	"DESeq2"	"T2D"	"HC"	"0.790010904916082"	"BH"	0.916622452266006	"GDP-mannose biosynthesis"
"PWY-5667"	"DESeq2"	"T2D"	"HC"	"0.000577649644543049"	"BH"	0.0231994024573528	"CDP-diacylglycerol biosynthesis I"
"PWY-5676"	"DESeq2"	"T2D"	"HC"	"0.817521554854509"	"BH"	0.928076071169354	"acetyl-CoA fermentation to butanoate II"
"PWY-5677"	"DESeq2"	"T2D"	"HC"	"0.0465862694224426"	"BH"	0.176916904116181	"succinate fermentation to butanoate"
"PWY-5686"	"DESeq2"	"T2D"	"HC"	"0.00773824926822055"	"BH"	0.0484019905208305	"UMP biosynthesis"
"PWY-5695"	"DESeq2"	"T2D"	"HC"	"0.865352805854986"	"BH"	0.956171234944778	"urate biosynthesis/inosine 5'-phosphate degradation"
"PWY-5705"	"DESeq2"	"T2D"	"HC"	"0.376042081112066"	"BH"	0.628049339658372	"allantoin degradation to glyoxylate III"
"PWY-5741"	"DESeq2"	"T2D"	"HC"	NA	"BH"	NA	"ethylmalonyl-CoA pathway"
"PWY-5837"	"DESeq2"	"T2D"	"HC"	"0.965991849123759"	"BH"	0.998410177658719	"1,4-dihydroxy-2-naphthoate biosynthesis I"
"PWY-5838"	"DESeq2"	"T2D"	"HC"	"0.771948671968411"	"BH"	0.916622452266006	"superpathway of menaquinol-8 biosynthesis I"
"PWY-5840"	"DESeq2"	"T2D"	"HC"	"0.77821529823082"	"BH"	0.916622452266006	"superpathway of menaquinol-7 biosynthesis"
"PWY-5845"	"DESeq2"	"T2D"	"HC"	"0.00132874486206617"	"BH"	0.0231994024573528	"superpathway of menaquinol-9 biosynthesis"
"PWY-5850"	"DESeq2"	"T2D"	"HC"	"0.00132874486206617"	"BH"	0.0231994024573528	"superpathway of menaquinol-6 biosynthesis I"
"PWY-5855"	"DESeq2"	"T2D"	"HC"	"0.528621179281265"	"BH"	0.73317459213358	"ubiquinol-7 biosynthesis (prokaryotic)"
"PWY-5856"	"DESeq2"	"T2D"	"HC"	"0.528621179281265"	"BH"	0.73317459213358	"ubiquinol-9 biosynthesis (prokaryotic)"
"PWY-5857"	"DESeq2"	"T2D"	"HC"	"0.528621179281265"	"BH"	0.73317459213358	"ubiquinol-10 biosynthesis (prokaryotic)"
"PWY-5860"	"DESeq2"	"T2D"	"HC"	"0.00130891415671632"	"BH"	0.0231994024573528	"superpathway of demethylmenaquinol-6 biosynthesis I"
"PWY-5861"	"DESeq2"	"T2D"	"HC"	"0.800270491675857"	"BH"	0.920016804695882	"superpathway of demethylmenaquinol-8 biosynthesis"
"PWY-5862"	"DESeq2"	"T2D"	"HC"	"0.00130891415671632"	"BH"	0.0231994024573528	"superpathway of demethylmenaquinol-9 biosynthesis"
"PWY-5863"	"DESeq2"	"T2D"	"HC"	"0.955855155271499"	"BH"	0.998410177658719	"superpathway of phylloquinol biosynthesis"
"PWY-5896"	"DESeq2"	"T2D"	"HC"	"0.00132874486206617"	"BH"	0.0231994024573528	"superpathway of menaquinol-10 biosynthesis"
"PWY-5897"	"DESeq2"	"T2D"	"HC"	"0.793065193810087"	"BH"	0.916622452266006	"superpathway of menaquinol-11 biosynthesis"
"PWY-5898"	"DESeq2"	"T2D"	"HC"	"0.793065193810087"	"BH"	0.916622452266006	"superpathway of menaquinol-12 biosynthesis"
"PWY-5899"	"DESeq2"	"T2D"	"HC"	"0.793065193810087"	"BH"	0.916622452266006	"superpathway of menaquinol-13 biosynthesis"
"PWY-5910"	"DESeq2"	"T2D"	"HC"	"0.00190538709271469"	"BH"	0.0253257701073328	"superpathway of geranylgeranyldiphosphate biosynthesis I (via mevalonate)"
"PWY-5913"	"DESeq2"	"T2D"	"HC"	"0.343916326648333"	"BH"	0.619826600004623	"TCA cycle VI (obligate autotrophs)"
"PWY-5918"	"DESeq2"	"T2D"	"HC"	"0.164990994090221"	"BH"	0.421057016918244	"superpathay of heme biosynthesis from glutamate"
"PWY-5920"	"DESeq2"	"T2D"	"HC"	"0.271415345758329"	"BH"	0.553210655872286	"superpathway of heme biosynthesis from glycine"
"PWY-5971"	"DESeq2"	"T2D"	"HC"	"0.184354787491184"	"BH"	0.438874456788714	"palmitate biosynthesis II (bacteria and plants)"
"PWY-5973"	"DESeq2"	"T2D"	"HC"	"0.0139738299575553"	"BH"	0.0718976089751636	"cis-vaccenate biosynthesis"
"PWY-5989"	"DESeq2"	"T2D"	"HC"	"0.510280478570723"	"BH"	0.726694074393128	"stearate biosynthesis II (bacteria and plants)"
"PWY-6071"	"DESeq2"	"T2D"	"HC"	"0.00152723339060943"	"BH"	0.0231994024573528	"superpathway of phenylethylamine degradation"
"PWY-6121"	"DESeq2"	"T2D"	"HC"	"0.00280186391712954"	"BH"	0.0286553342281209	"5-aminoimidazole ribonucleotide biosynthesis I"
"PWY-6122"	"DESeq2"	"T2D"	"HC"	"0.0149787391656105"	"BH"	0.0725712486480826	"5-aminoimidazole ribonucleotide biosynthesis II"
"PWY-6123"	"DESeq2"	"T2D"	"HC"	"0.175878513447062"	"BH"	0.431733342837345	"inosine-5'-phosphate biosynthesis I"
"PWY-6125"	"DESeq2"	"T2D"	"HC"	"0.42326149082147"	"BH"	0.66385666531718	"superpathway of guanosine nucleotides de novo biosynthesis II"
"PWY-6126"	"DESeq2"	"T2D"	"HC"	"0.175941487676661"	"BH"	0.431733342837345	"superpathway of adenosine nucleotides de novo biosynthesis II"
"PWY-6141"	"DESeq2"	"T2D"	"HC"	"0.980507031829137"	"BH"	0.998410177658719	"archaetidylserine and archaetidylethanolamine biosynthesis"
"PWY-6147"	"DESeq2"	"T2D"	"HC"	"0.615828878332216"	"BH"	0.80183433546113	"6-hydroxymethyl-dihydropterin diphosphate biosynthesis I"
"PWY-6148"	"DESeq2"	"T2D"	"HC"	"0.99784733713253"	"BH"	0.998410177658719	"tetrahydromethanopterin biosynthesis"
"PWY-6151"	"DESeq2"	"T2D"	"HC"	"0.667141001191957"	"BH"	0.854690680241905	"S-adenosyl-L-methionine cycle I"
"PWY-6163"	"DESeq2"	"T2D"	"HC"	"0.00445866043985997"	"BH"	0.0314629766072707	"chorismate biosynthesis from 3-dehydroquinate"
"PWY-6165"	"DESeq2"	"T2D"	"HC"	"0.116647042670754"	"BH"	0.327918722954561	"chorismate biosynthesis II (archaea)"
"PWY-6167"	"DESeq2"	"T2D"	"HC"	"0.979910186002162"	"BH"	0.998410177658719	"flavin biosynthesis II (archaea)"
"PWY-6174"	"DESeq2"	"T2D"	"HC"	"0.975474370362302"	"BH"	0.998410177658719	"mevalonate pathway II (archaea)"
"PWY-6182"	"DESeq2"	"T2D"	"HC"	"0.00435057648896329"	"BH"	0.0314629766072707	"superpathway of salicylate degradation"
"PWY-6185"	"DESeq2"	"T2D"	"HC"	"0.00424291921715225"	"BH"	0.0314629766072707	"4-methylcatechol degradation (ortho cleavage)"
"PWY-621"	"DESeq2"	"T2D"	"HC"	"0.905076046625047"	"BH"	0.968856573400638	"sucrose degradation III (sucrose invertase)"
"PWY-6263"	"DESeq2"	"T2D"	"HC"	"0.127644154839432"	"BH"	0.348314997938455	"superpathway of menaquinol-8 biosynthesis II"
"PWY-6269"	"DESeq2"	"T2D"	"HC"	"0.106921458074791"	"BH"	0.312916927760168	"adenosylcobalamin salvage from cobinamide II"
"PWY-6277"	"DESeq2"	"T2D"	"HC"	"0.0149787391656105"	"BH"	0.0725712486480826	"superpathway of 5-aminoimidazole ribonucleotide biosynthesis"
"PWY-6282"	"DESeq2"	"T2D"	"HC"	"0.500321458090229"	"BH"	0.72218346213024	"palmitoleate biosynthesis I (from (5Z)-dodec-5-enoate)"
"PWY-6317"	"DESeq2"	"T2D"	"HC"	"0.502878647321092"	"BH"	0.72260490313256	"galactose degradation I (Leloir pathway)"
"PWY-6349"	"DESeq2"	"T2D"	"HC"	"0.968575500677552"	"BH"	0.998410177658719	"CDP-archaeol biosynthesis"
"PWY-6350"	"DESeq2"	"T2D"	"HC"	"0.972701703219043"	"BH"	0.998410177658719	"archaetidylinositol biosynthesis"
"PWY-6353"	"DESeq2"	"T2D"	"HC"	"0.0802156881714369"	"BH"	0.258472772996852	"purine nucleotides degradation II (aerobic)"
"PWY-6383"	"DESeq2"	"T2D"	"HC"	"0.285292587704397"	"BH"	0.561779848627794	"mono-trans, poly-cis decaprenyl phosphate biosynthesis"
"PWY-6385"	"DESeq2"	"T2D"	"HC"	"0.233031421818543"	"BH"	0.505694037823913	"peptidoglycan biosynthesis III (mycobacteria)"
"PWY-6386"	"DESeq2"	"T2D"	"HC"	"0.373920152483579"	"BH"	0.628049339658372	"UDP-N-acetylmuramoyl-pentapeptide biosynthesis II (lysine-containing)"
"PWY-6387"	"DESeq2"	"T2D"	"HC"	"0.253834211477184"	"BH"	0.525799438059881	"UDP-N-acetylmuramoyl-pentapeptide biosynthesis I (meso-diaminopimelate containing)"
"PWY-6396"	"DESeq2"	"T2D"	"HC"	"0.00272607668216387"	"BH"	0.0286553342281209	"superpathway of 2,3-butanediol biosynthesis"
"PWY-6467"	"DESeq2"	"T2D"	"HC"	"0.778550364727323"	"BH"	0.916622452266006	"Kdo transfer to lipid IVA III (Chlamydia)"
"PWY-6470"	"DESeq2"	"T2D"	"HC"	"0.0510298023444359"	"BH"	0.180872299420834	"peptidoglycan biosynthesis V (&beta;-lactam resistance)"
"PWY-6471"	"DESeq2"	"T2D"	"HC"	"0.601945625353161"	"BH"	0.786969895441223	"peptidoglycan biosynthesis IV (Enterococcus faecium)"
"PWY-6478"	"DESeq2"	"T2D"	"HC"	"0.964291032661483"	"BH"	0.998410177658719	"GDP-D-glycero-&alpha;-D-manno-heptose biosynthesis"
"PWY-6507"	"DESeq2"	"T2D"	"HC"	"0.902691147754832"	"BH"	0.968856573400638	"4-deoxy-L-threo-hex-4-enopyranuronate degradation"
"PWY-6519"	"DESeq2"	"T2D"	"HC"	"0.729739873014907"	"BH"	0.912890272516688	"8-amino-7-oxononanoate biosynthesis I"
"PWY-6545"	"DESeq2"	"T2D"	"HC"	"0.89488393787748"	"BH"	0.965072683531265	"pyrimidine deoxyribonucleotides de novo biosynthesis III"
"PWY-6562"	"DESeq2"	"T2D"	"HC"	"0.00144278591772508"	"BH"	0.0231994024573528	"norspermidine biosynthesis"
"PWY-6572"	"DESeq2"	"T2D"	"HC"	"0.471010950067639"	"BH"	0.698848804984078	"chondroitin sulfate degradation I (bacterial)"
"PWY-6588"	"DESeq2"	"T2D"	"HC"	"0.343292488034627"	"BH"	0.619826600004623	"pyruvate fermentation to acetone"
"PWY-6590"	"DESeq2"	"T2D"	"HC"	"0.0302695506592345"	"BH"	0.134110925837442	"superpathway of Clostridium acetobutylicum acidogenic fermentation"
"PWY-6608"	"DESeq2"	"T2D"	"HC"	"0.223040175619581"	"BH"	0.499121605619175	"guanosine nucleotides degradation III"
"PWY-6609"	"DESeq2"	"T2D"	"HC"	"0.278743037254988"	"BH"	0.555743930527132	"adenine and adenosine salvage III"
"PWY-6612"	"DESeq2"	"T2D"	"HC"	"0.225407916691116"	"BH"	0.499341148781014	"superpathway of tetrahydrofolate biosynthesis"
"PWY-6628"	"DESeq2"	"T2D"	"HC"	"0.245086637462128"	"BH"	0.511706145769399	"superpathway of L-phenylalanine biosynthesis"
"PWY-6629"	"DESeq2"	"T2D"	"HC"	"0.00287451628620649"	"BH"	0.0286553342281209	"superpathway of L-tryptophan biosynthesis"
"PWY-6630"	"DESeq2"	"T2D"	"HC"	"0.24542645862921"	"BH"	0.511706145769399	"superpathway of L-tyrosine biosynthesis"
"PWY-6641"	"DESeq2"	"T2D"	"HC"	"0.843842020830993"	"BH"	0.949003923639722	"superpathway of sulfolactate degradation"
"PWY-6654"	"DESeq2"	"T2D"	"HC"	"0.981683803094891"	"BH"	0.998410177658719	"phosphopantothenate biosynthesis III"
"PWY-6700"	"DESeq2"	"T2D"	"HC"	"0.745084510096227"	"BH"	0.916622452266006	"queuosine biosynthesis"
"PWY-6703"	"DESeq2"	"T2D"	"HC"	"0.564606969397156"	"BH"	0.756900066990977	"preQ0 biosynthesis"
"PWY-6708"	"DESeq2"	"T2D"	"HC"	"0.528621179281265"	"BH"	0.73317459213358	"ubiquinol-8 biosynthesis (prokaryotic)"
"PWY-6728"	"DESeq2"	"T2D"	"HC"	NA	"BH"	NA	"methylaspartate cycle"
"PWY-6737"	"DESeq2"	"T2D"	"HC"	"0.322420360700998"	"BH"	0.605012323903637	"starch degradation V"
"PWY-6749"	"DESeq2"	"T2D"	"HC"	"0.27508002704349"	"BH"	0.555383092575148	"CMP-legionaminate biosynthesis I"
"PWY-6876"	"DESeq2"	"T2D"	"HC"	"0.0392918578931229"	"BH"	0.156676283348828	"isopropanol biosynthesis"
"PWY-6891"	"DESeq2"	"T2D"	"HC"	"0.0969680347256117"	"BH"	0.294598124547335	"thiazole biosynthesis II (Bacillus)"
"PWY-6892"	"DESeq2"	"T2D"	"HC"	"0.0134295031219227"	"BH"	0.0707919665074901	"thiazole biosynthesis I (E. coli)"
"PWY-6895"	"DESeq2"	"T2D"	"HC"	"0.395487603648421"	"BH"	0.640408860730184	"superpathway of thiamin diphosphate biosynthesis II"
"PWY-6897"	"DESeq2"	"T2D"	"HC"	"0.181090008488728"	"BH"	0.438874456788714	"thiamin salvage II"
"PWY-6901"	"DESeq2"	"T2D"	"HC"	"0.852174537424702"	"BH"	0.95314074434079	"superpathway of glucose and xylose degradation"
"PWY-6906"	"DESeq2"	"T2D"	"HC"	"0.170810570489096"	"BH"	0.429043873905682	"chitin derivatives degradation"
"PWY-6969"	"DESeq2"	"T2D"	"HC"	"0.1835498872379"	"BH"	0.438874456788714	"TCA cycle V (2-oxoglutarate:ferredoxin oxidoreductase)"
"PWY-7003"	"DESeq2"	"T2D"	"HC"	"0.0949119071135898"	"BH"	0.291124022781107	"glycerol degradation to butanol"
"PWY-7013"	"DESeq2"	"T2D"	"HC"	"0.21800834581493"	"BH"	0.495280838610773	"L-1,2-propanediol degradation"
"PWY-7090"	"DESeq2"	"T2D"	"HC"	"0.175890386636465"	"BH"	0.431733342837345	"UDP-2,3-diacetamido-2,3-dideoxy-&alpha;-D-mannuronate biosynthesis"
"PWY-7094"	"DESeq2"	"T2D"	"HC"	NA	"BH"	NA	"fatty acid salvage"
"PWY-7111"	"DESeq2"	"T2D"	"HC"	"0.203557792724495"	"BH"	0.477462763817014	"pyruvate fermentation to isobutanol (engineered)"
"PWY-7184"	"DESeq2"	"T2D"	"HC"	"0.457569784154961"	"BH"	0.689823690483932	"pyrimidine deoxyribonucleotides de novo biosynthesis I"
"PWY-7187"	"DESeq2"	"T2D"	"HC"	"0.384372345039717"	"BH"	0.632034938493143	"pyrimidine deoxyribonucleotides de novo biosynthesis II"
"PWY-7196"	"DESeq2"	"T2D"	"HC"	"0.372739334482016"	"BH"	0.628049339658372	"superpathway of pyrimidine ribonucleosides salvage"
"PWY-7197"	"DESeq2"	"T2D"	"HC"	"0.56470914088982"	"BH"	0.756900066990977	"pyrimidine deoxyribonucleotide phosphorylation"
"PWY-7198"	"DESeq2"	"T2D"	"HC"	"0.409296844279484"	"BH"	0.652828466625777	"pyrimidine deoxyribonucleotides de novo biosynthesis IV"
"PWY-7199"	"DESeq2"	"T2D"	"HC"	"0.986490521363595"	"BH"	0.998410177658719	"pyrimidine deoxyribonucleosides salvage"
"PWY-7200"	"DESeq2"	"T2D"	"HC"	"0.460989822925395"	"BH"	0.690402598653526	"superpathway of pyrimidine deoxyribonucleoside salvage"
"PWY-7208"	"DESeq2"	"T2D"	"HC"	"0.0430616279747501"	"BH"	0.166940735538097	"superpathway of pyrimidine nucleobases salvage"
"PWY-7210"	"DESeq2"	"T2D"	"HC"	"0.409028308526215"	"BH"	0.652828466625777	"pyrimidine deoxyribonucleotides biosynthesis from CTP"
"PWY-7211"	"DESeq2"	"T2D"	"HC"	"0.269820342875509"	"BH"	0.553210655872286	"superpathway of pyrimidine deoxyribonucleotides de novo biosynthesis"
"PWY-7219"	"DESeq2"	"T2D"	"HC"	"0.0030135147058296"	"BH"	0.028940028491983	"adenosine ribonucleotides de novo biosynthesis"
"PWY-7220"	"DESeq2"	"T2D"	"HC"	"0.36208293211108"	"BH"	0.620991695394809	"adenosine deoxyribonucleotides de novo biosynthesis II"
"PWY-7221"	"DESeq2"	"T2D"	"HC"	"0.0196339747605734"	"BH"	0.0907715644727959	"guanosine ribonucleotides de novo biosynthesis"
"PWY-7222"	"DESeq2"	"T2D"	"HC"	"0.36208293211108"	"BH"	0.620991695394809	"guanosine deoxyribonucleotides de novo biosynthesis II"
"PWY-7228"	"DESeq2"	"T2D"	"HC"	"0.44949052492387"	"BH"	0.689823690483932	"superpathway of guanosine nucleotides de novo biosynthesis I"
"PWY-7229"	"DESeq2"	"T2D"	"HC"	"0.10659179897712"	"BH"	0.312916927760168	"superpathway of adenosine nucleotides de novo biosynthesis I"
"PWY-7234"	"DESeq2"	"T2D"	"HC"	"0.197369408445753"	"BH"	0.466376602179224	"inosine-5'-phosphate biosynthesis III"
"PWY-7237"	"DESeq2"	"T2D"	"HC"	"0.394414304289912"	"BH"	0.640408860730184	"myo-, chiro- and scillo-inositol degradation"
"PWY-7242"	"DESeq2"	"T2D"	"HC"	"0.841602859045172"	"BH"	0.949003923639722	"D-fructuronate degradation"
"PWY-7254"	"DESeq2"	"T2D"	"HC"	"0.426375525189885"	"BH"	0.66385666531718	"TCA cycle VII (acetate-producers)"
"PWY-7286"	"DESeq2"	"T2D"	"HC"	"0.985545858053632"	"BH"	0.998410177658719	"7-(3-amino-3-carboxypropyl)-wyosine biosynthesis"
"PWY-7315"	"DESeq2"	"T2D"	"HC"	"0.353052820291501"	"BH"	0.620991695394809	"dTDP-N-acetylthomosamine biosynthesis"
"PWY-7323"	"DESeq2"	"T2D"	"HC"	"0.645247682497954"	"BH"	0.829975849664707	"superpathway of GDP-mannose-derived O-antigen building blocks biosynthesis"
"PWY-7328"	"DESeq2"	"T2D"	"HC"	"0.561350263352949"	"BH"	0.756900066990977	"superpathway of UDP-glucose-derived O-antigen building blocks biosynthesis"
"PWY-7332"	"DESeq2"	"T2D"	"HC"	"0.946807274032142"	"BH"	0.998410177658719	"superpathway of UDP-N-acetylglucosamine-derived O-antigen building blocks biosynthesis"
"PWY-7371"	"DESeq2"	"T2D"	"HC"	"0.13925624343664"	"BH"	0.370189513802401	"1,4-dihydroxy-6-naphthoate biosynthesis II"
"PWY-7374"	"DESeq2"	"T2D"	"HC"	"0.335722047083305"	"BH"	0.615490419652726	"1,4-dihydroxy-6-naphthoate biosynthesis I"
"PWY-7377"	"DESeq2"	"T2D"	"HC"	"0.816435843842488"	"BH"	0.928076071169354	"cob(II)yrinate a,c-diamide biosynthesis I (early cobalt insertion)"
"PWY-7392"	"DESeq2"	"T2D"	"HC"	"0.0651990293536171"	"BH"	0.216650941289623	"taxadiene biosynthesis (engineered)"
"PWY-7400"	"DESeq2"	"T2D"	"HC"	"0.0798144877844462"	"BH"	0.258472772996852	"L-arginine biosynthesis IV (archaebacteria)"
"PWY-7431"	"DESeq2"	"T2D"	"HC"	NA	"BH"	NA	"aromatic biogenic amine degradation (bacteria)"
"PWY-7456"	"DESeq2"	"T2D"	"HC"	"0.458440822515967"	"BH"	0.689823690483932	"mannan degradation"
"PWY-7539"	"DESeq2"	"T2D"	"HC"	"0.563980379651453"	"BH"	0.756900066990977	"6-hydroxymethyl-dihydropterin diphosphate biosynthesis III (Chlamydia)"
"PWY-7560"	"DESeq2"	"T2D"	"HC"	"0.00352388599934517"	"BH"	0.030381611724084	"methylerythritol phosphate pathway II"
"PWY-7663"	"DESeq2"	"T2D"	"HC"	"0.0378611309670869"	"BH"	0.152882288335452	"gondoate biosynthesis (anaerobic)"
"PWY-7664"	"DESeq2"	"T2D"	"HC"	"0.480896860275093"	"BH"	0.703697699209884	"oleate biosynthesis IV (anaerobic)"
"PWY-841"	"DESeq2"	"T2D"	"HC"	"0.350446858898115"	"BH"	0.620991695394809	"superpathway of purine nucleotides de novo biosynthesis I"
"PWY-922"	"DESeq2"	"T2D"	"HC"	"0.00186228953347111"	"BH"	0.0253257701073328	"mevalonate pathway I"
"PWY0-1061"	"DESeq2"	"T2D"	"HC"	"0.866249175232103"	"BH"	0.956171234944778	"superpathway of L-alanine biosynthesis"
"PWY0-1241"	"DESeq2"	"T2D"	"HC"	"0.884203672916536"	"BH"	0.960818475534248	"ADP-L-glycero-&beta;-D-manno-heptose biosynthesis"
"PWY0-1261"	"DESeq2"	"T2D"	"HC"	"0.112531728255337"	"BH"	0.324503116145033	"anhydromuropeptides recycling"
"PWY0-1296"	"DESeq2"	"T2D"	"HC"	"0.337820000854865"	"BH"	0.615797601558297	"purine ribonucleosides degradation"
"PWY0-1297"	"DESeq2"	"T2D"	"HC"	"0.517307489183037"	"BH"	0.73070009741066	"superpathway of purine deoxyribonucleosides degradation"
"PWY0-1298"	"DESeq2"	"T2D"	"HC"	"0.451623705928396"	"BH"	0.689823690483932	"superpathway of pyrimidine deoxyribonucleosides degradation"
"PWY0-1319"	"DESeq2"	"T2D"	"HC"	"0.000577649644543049"	"BH"	0.0231994024573528	"CDP-diacylglycerol biosynthesis II"
"PWY0-1338"	"DESeq2"	"T2D"	"HC"	"0.000939442683018965"	"BH"	0.0231994024573528	"polymyxin resistance"
"PWY0-1415"	"DESeq2"	"T2D"	"HC"	"0.114208053983314"	"BH"	0.325289010898903	"superpathway of heme biosynthesis from uroporphyrinogen-III"
"PWY0-1479"	"DESeq2"	"T2D"	"HC"	"0.0753131278412315"	"BH"	0.247679255477864	"tRNA processing"
"PWY0-1533"	"DESeq2"	"T2D"	"HC"	"0.293437048906778"	"BH"	0.573062000552726	"methylphosphonate degradation I"
"PWY0-1586"	"DESeq2"	"T2D"	"HC"	"0.707618276547101"	"BH"	0.895754881819544	"peptidoglycan maturation (meso-diaminopimelate containing)"
"PWY0-162"	"DESeq2"	"T2D"	"HC"	"0.316148063197859"	"BH"	0.598381506760575	"superpathway of pyrimidine ribonucleotides de novo biosynthesis"
"PWY0-166"	"DESeq2"	"T2D"	"HC"	"0.426451924757157"	"BH"	0.66385666531718	"superpathway of pyrimidine deoxyribonucleotides de novo biosynthesis (E. coli)"
"PWY0-321"	"DESeq2"	"T2D"	"HC"	"0.00152723339060943"	"BH"	0.0231994024573528	"phenylacetate degradation I (aerobic)"
"PWY0-41"	"DESeq2"	"T2D"	"HC"	"0.775022637959122"	"BH"	0.916622452266006	"allantoin degradation IV (anaerobic)"
"PWY0-781"	"DESeq2"	"T2D"	"HC"	"0.357346913223512"	"BH"	0.620991695394809	"aspartate superpathway"
"PWY0-845"	"DESeq2"	"T2D"	"HC"	"0.480473005975923"	"BH"	0.703697699209884	"superpathway of pyridoxal 5'-phosphate biosynthesis and salvage"
"PWY0-862"	"DESeq2"	"T2D"	"HC"	"0.506051936094352"	"BH"	0.723903890646181	"(5Z)-dodec-5-enoate biosynthesis"
"PWY490-3"	"DESeq2"	"T2D"	"HC"	"0.294614946992624"	"BH"	0.573062000552726	"nitrate reduction VI (assimilatory)"
"PWY4FS-7"	"DESeq2"	"T2D"	"HC"	"0.0363664380987032"	"BH"	0.151610131028323	"phosphatidylglycerol biosynthesis I (plastidic)"
"PWY4FS-8"	"DESeq2"	"T2D"	"HC"	"0.0363664380987032"	"BH"	0.151610131028323	"phosphatidylglycerol biosynthesis II (non-plastidic)"
"PWYG-321"	"DESeq2"	"T2D"	"HC"	"0.457480561221528"	"BH"	0.689823690483932	"mycolate biosynthesis"
"PYRIDNUCSAL-PWY"	"DESeq2"	"T2D"	"HC"	"0.359006376139497"	"BH"	0.620991695394809	"NAD salvage pathway I"
"PYRIDNUCSYN-PWY"	"DESeq2"	"T2D"	"HC"	"0.00208949097524854"	"BH"	0.0256333953471523	"NAD biosynthesis I (from aspartate)"
"PYRIDOXSYN-PWY"	"DESeq2"	"T2D"	"HC"	"0.426616352319818"	"BH"	0.66385666531718	"pyridoxal 5'-phosphate biosynthesis I"
"REDCITCYC"	"DESeq2"	"T2D"	"HC"	"0.127751895795609"	"BH"	0.348314997938455	"TCA cycle VIII (helicobacter)"
"RHAMCAT-PWY"	"DESeq2"	"T2D"	"HC"	"0.876133590692061"	"BH"	0.960818475534248	"L-rhamnose degradation I"
"RIBOSYN2-PWY"	"DESeq2"	"T2D"	"HC"	"0.00473129306627553"	"BH"	0.0321123933647212	"flavin biosynthesis I (bacteria and plants)"
"RUMP-PWY"	"DESeq2"	"T2D"	"HC"	"0.230482527446535"	"BH"	0.505694037823913	"formaldehyde oxidation I"
"SALVADEHYPOX-PWY"	"DESeq2"	"T2D"	"HC"	"0.0481250180323094"	"BH"	0.178510241305892	"adenosine nucleotides degradation II"
"SER-GLYSYN-PWY"	"DESeq2"	"T2D"	"HC"	"0.403075279257637"	"BH"	0.649399061026193	"superpathway of L-serine and glycine biosynthesis I"
"SO4ASSIM-PWY"	"DESeq2"	"T2D"	"HC"	"0.551017708004647"	"BH"	0.754397634564302	"sulfate reduction I (assimilatory)"
"SULFATE-CYS-PWY"	"DESeq2"	"T2D"	"HC"	"0.49796553860644"	"BH"	0.722050030979338	"superpathway of sulfate assimilation and cysteine biosynthesis"
"TCA"	"DESeq2"	"T2D"	"HC"	"0.314562172888788"	"BH"	0.598381506760575	"TCA cycle I (prokaryotic)"
"TCA-GLYOX-BYPASS"	"DESeq2"	"T2D"	"HC"	"0.0012741761064266"	"BH"	0.0231994024573528	"superpathway of glyoxylate bypass and TCA"
"TEICHOICACID-PWY"	"DESeq2"	"T2D"	"HC"	"0.754694196783302"	"BH"	0.916622452266006	"teichoic acid (poly-glycerol) biosynthesis"
"THISYN-PWY"	"DESeq2"	"T2D"	"HC"	"0.135805447179892"	"BH"	0.364049896221727	"superpathway of thiamin diphosphate biosynthesis I"
"THREOCAT-PWY"	"DESeq2"	"T2D"	"HC"	"9.89535771592921e-05"	"BH"	0.0225088693579347	"superpathway of L-threonine metabolism"
"THRESYN-PWY"	"DESeq2"	"T2D"	"HC"	"0.0474712326018368"	"BH"	0.178156743529246	"superpathway of L-threonine biosynthesis"
"TRNA-CHARGING-PWY"	"DESeq2"	"T2D"	"HC"	"0.0135370218086423"	"BH"	0.0707919665074901	"tRNA charging"
"TRPSYN-PWY"	"DESeq2"	"T2D"	"HC"	"0.00519904015458884"	"BH"	0.034551954360705	"L-tryptophan biosynthesis"
"TYRFUMCAT-PWY"	"DESeq2"	"T2D"	"HC"	"0.750930871536814"	"BH"	0.916622452266006	"L-tyrosine degradation I"
"UBISYN-PWY"	"DESeq2"	"T2D"	"HC"	"0.589080005209959"	"BH"	0.781343764681658	"superpathway of ubiquinol-8 biosynthesis (prokaryotic)"
"UDPNAGSYN-PWY"	"DESeq2"	"T2D"	"HC"	"0.885519221965733"	"BH"	0.960818475534248	"UDP-N-acetyl-D-glucosamine biosynthesis I"
"VALSYN-PWY"	"DESeq2"	"T2D"	"HC"	"0.0370708157373328"	"BH"	0.151610131028323	"L-valine biosynthesis"
